REF_ALT_AA	GSCORE	BSCORE
A|A	NA	4
A|R	112	-1
A|N	111	-2
A|D	126	-2
A|C	195	0
A|Q	91	-1
A|E	107	-1
A|G	60	0
A|H	86	-2
A|I	94	-1
A|L	96	-1
A|K	106	-1
A|M	84	-1
A|F	113	-2
A|P	27	-1
A|S	99	1
A|T	58	0
A|W	148	-3
A|Y	112	-2
A|V	64	0
A|B	NA	-2
A|Z	NA	-1
A|X	NA	0
A|*	NA	-4
R|A	112	-1
R|R	NA	5
R|N	86	0
R|D	96	-2
R|C	180	-3
R|Q	43	1
R|E	54	0
R|G	125	-2
R|H	29	0
R|I	97	-3
R|L	102	-2
R|K	26	2
R|M	91	-1
R|F	97	-3
R|P	103	-2
R|S	110	-1
R|T	71	-1
R|W	101	-3
R|Y	77	-2
R|V	96	-3
R|B	NA	-1
R|Z	NA	0
R|X	NA	-1
R|*	NA	-4
N|A	111	-2
N|R	86	0
N|N	NA	6
N|D	23	1
N|C	139	-3
N|Q	46	0
N|E	42	0
N|G	80	0
N|H	68	1
N|I	149	-3
N|L	153	-3
N|K	94	0
N|M	142	-2
N|F	158	-3
N|P	91	-2
N|S	46	1
N|T	65	0
N|W	174	-4
N|Y	143	-2
N|V	133	-3
N|B	NA	3
N|Z	NA	0
N|X	NA	-1
N|*	NA	-4
D|A	126	-2
D|R	96	-2
D|N	23	1
D|D	NA	6
D|C	154	-3
D|Q	61	0
D|E	45	2
D|G	94	-1
D|H	81	-1
D|I	168	-3
D|L	172	-4
D|K	101	-1
D|M	160	-3
D|F	177	-3
D|P	108	-1
D|S	65	0
D|T	85	-1
D|W	181	-4
D|Y	160	-3
D|V	152	-3
D|B	NA	4
D|Z	NA	1
D|X	NA	-1
D|*	NA	-4
C|A	195	0
C|R	180	-3
C|N	139	-3
C|D	154	-3
C|C	NA	9
C|Q	154	-3
C|E	170	-4
C|G	159	-3
C|H	174	-3
C|I	198	-1
C|L	198	-1
C|K	202	-3
C|M	196	-1
C|F	205	-2
C|P	169	-3
C|S	112	-1
C|T	149	-1
C|W	215	-2
C|Y	194	-2
C|V	192	-1
C|B	NA	-3
C|Z	NA	-3
C|X	NA	-2
C|*	NA	-4
Q|A	91	-1
Q|R	43	1
Q|N	46	0
Q|D	61	0
Q|C	154	-3
Q|Q	NA	5
Q|E	29	2
Q|G	87	-2
Q|H	24	0
Q|I	109	-3
Q|L	113	-2
Q|K	53	1
Q|M	101	0
Q|F	116	-3
Q|P	76	-1
Q|S	68	0
Q|T	42	-1
Q|W	130	-2
Q|Y	99	-1
Q|V	96	-2
Q|B	NA	0
Q|Z	NA	3
Q|X	NA	-1
Q|*	NA	-4
E|A	107	-1
E|R	54	0
E|N	42	0
E|D	45	2
E|C	170	-4
E|Q	29	2
E|E	NA	5
E|G	98	-2
E|H	40	0
E|I	134	-3
E|L	138	-3
E|K	56	1
E|M	126	-2
E|F	140	-3
E|P	93	-1
E|S	80	0
E|T	65	-1
E|W	152	-3
E|Y	122	-2
E|V	121	-2
E|B	NA	1
E|Z	NA	4
E|X	NA	-1
E|*	NA	-4
G|A	60	0
G|R	125	-2
G|N	80	0
G|D	94	-1
G|C	159	-3
G|Q	87	-2
G|E	98	-2
G|G	NA	6
G|H	98	-2
G|I	135	-4
G|L	138	-4
G|K	127	-2
G|M	127	-3
G|F	153	-3
G|P	42	-2
G|S	56	0
G|T	59	-2
G|W	184	-2
G|Y	147	-3
G|V	109	-3
G|B	NA	-1
G|Z	NA	-2
G|X	NA	-1
G|*	NA	-4
H|A	86	-2
H|R	29	0
H|N	68	1
H|D	81	-1
H|C	174	-3
H|Q	24	0
H|E	40	0
H|G	98	-2
H|H	NA	8
H|I	94	-3
H|L	99	-3
H|K	32	-1
H|M	87	-2
H|F	100	-1
H|P	77	-2
H|S	89	-1
H|T	47	-2
H|W	115	-2
H|Y	83	2
H|V	84	-3
H|B	NA	0
H|Z	NA	0
H|X	NA	-1
H|*	NA	-4
I|A	94	-1
I|R	97	-3
I|N	149	-3
I|D	168	-3
I|C	198	-1
I|Q	109	-3
I|E	134	-3
I|G	135	-4
I|H	94	-3
I|I	NA	4
I|L	5	2
I|K	102	-3
I|M	10	1
I|F	21	0
I|P	95	-3
I|S	142	-2
I|T	89	-1
I|W	61	-3
I|Y	33	-1
I|V	29	3
I|B	NA	-3
I|Z	NA	-3
I|X	NA	-1
I|*	NA	-4
L|A	96	-1
L|R	102	-2
L|N	153	-3
L|D	172	-4
L|C	198	-1
L|Q	113	-2
L|E	138	-3
L|G	138	-4
L|H	99	-3
L|I	5	2
L|L	NA	4
L|K	107	-2
L|M	15	2
L|F	22	0
L|P	98	-3
L|S	145	-2
L|T	92	-1
L|W	61	-2
L|Y	36	-1
L|V	32	1
L|B	NA	-4
L|Z	NA	-3
L|X	NA	-1
L|*	NA	-4
K|A	106	-1
K|R	26	2
K|N	94	0
K|D	101	-1
K|C	202	-3
K|Q	53	1
K|E	56	1
K|G	127	-2
K|H	32	-1
K|I	102	-3
K|L	107	-2
K|K	NA	5
K|M	95	-1
K|F	102	-3
K|P	103	-1
K|S	121	0
K|T	78	-1
K|W	110	-3
K|Y	85	-2
K|V	97	-2
K|B	NA	0
K|Z	NA	1
K|X	NA	-1
K|*	NA	-4
M|A	84	-1
M|R	91	-1
M|N	142	-2
M|D	160	-3
M|C	196	-1
M|Q	101	0
M|E	126	-2
M|G	127	-3
M|H	87	-2
M|I	10	1
M|L	15	2
M|K	95	-1
M|M	NA	5
M|F	28	0
M|P	87	-2
M|S	135	-1
M|T	81	-1
M|W	67	-1
M|Y	36	-1
M|V	21	1
M|B	NA	-3
M|Z	NA	-1
M|X	NA	-1
M|*	NA	-4
F|A	113	-2
F|R	97	-3
F|N	158	-3
F|D	177	-3
F|C	205	-2
F|Q	116	-3
F|E	140	-3
F|G	153	-3
F|H	100	-1
F|I	21	0
F|L	22	0
F|K	102	-3
F|M	28	0
F|F	NA	6
F|P	114	-4
F|S	155	-2
F|T	103	-2
F|W	40	1
F|Y	22	3
F|V	50	-1
F|B	NA	-3
F|Z	NA	-3
F|X	NA	-1
F|*	NA	-4
P|A	27	-1
P|R	103	-2
P|N	91	-2
P|D	108	-1
P|C	169	-3
P|Q	76	-1
P|E	93	-1
P|G	42	-2
P|H	77	-2
P|I	95	-3
P|L	98	-3
P|K	103	-1
P|M	87	-2
P|F	114	-4
P|P	NA	7
P|S	74	-1
P|T	38	-1
P|W	147	-4
P|Y	110	-3
P|V	68	-2
P|B	NA	-2
P|Z	NA	-1
P|X	NA	-2
P|*	NA	-4
S|A	99	1
S|R	110	-1
S|N	46	1
S|D	65	0
S|C	112	-1
S|Q	68	0
S|E	80	0
S|G	56	0
S|H	89	-1
S|I	142	-2
S|L	145	-2
S|K	121	0
S|M	135	-1
S|F	155	-2
S|P	74	-1
S|S	NA	4
S|T	58	1
S|W	177	-3
S|Y	144	-2
S|V	124	-2
S|B	NA	0
S|Z	NA	0
S|X	NA	0
S|*	NA	-4
T|A	58	0
T|R	71	-1
T|N	65	0
T|D	85	-1
T|C	149	-1
T|Q	42	-1
T|E	65	-1
T|G	59	-2
T|H	47	-2
T|I	89	-1
T|L	92	-1
T|K	78	-1
T|M	81	-1
T|F	103	-2
T|P	38	-1
T|S	58	1
T|T	NA	5
T|W	128	-2
T|Y	92	-2
T|V	69	0
T|B	NA	-1
T|Z	NA	-1
T|X	NA	0
T|*	NA	-4
W|A	148	-3
W|R	101	-3
W|N	174	-4
W|D	181	-4
W|C	215	-2
W|Q	130	-2
W|E	152	-3
W|G	184	-2
W|H	115	-2
W|I	61	-3
W|L	61	-2
W|K	110	-3
W|M	67	-1
W|F	40	1
W|P	147	-4
W|S	177	-3
W|T	128	-2
W|W	NA	11
W|Y	37	2
W|V	88	-3
W|B	NA	-4
W|Z	NA	-3
W|X	NA	-2
W|*	NA	-4
Y|A	112	-2
Y|R	77	-2
Y|N	143	-2
Y|D	160	-3
Y|C	194	-2
Y|Q	99	-1
Y|E	122	-2
Y|G	147	-3
Y|H	83	2
Y|I	33	-1
Y|L	36	-1
Y|K	85	-2
Y|M	36	-1
Y|F	22	3
Y|P	110	-3
Y|S	144	-2
Y|T	92	-2
Y|W	37	2
Y|Y	NA	7
Y|V	55	-1
Y|B	NA	-3
Y|Z	NA	-2
Y|X	NA	-1
Y|*	NA	-4
V|A	64	0
V|R	96	-3
V|N	133	-3
V|D	152	-3
V|C	192	-1
V|Q	96	-2
V|E	121	-2
V|G	109	-3
V|H	84	-3
V|I	29	3
V|L	32	1
V|K	97	-2
V|M	21	1
V|F	50	-1
V|P	68	-2
V|S	124	-2
V|T	69	0
V|W	88	-3
V|Y	55	-1
V|V	NA	4
V|B	NA	-3
V|Z	NA	-2
V|X	NA	-1
V|*	NA	-4
B|A	NA	-2
B|R	NA	-1
B|N	NA	3
B|D	NA	4
B|C	NA	-3
B|Q	NA	0
B|E	NA	1
B|G	NA	-1
B|H	NA	0
B|I	NA	-3
B|L	NA	-4
B|K	NA	0
B|M	NA	-3
B|F	NA	-3
B|P	NA	-2
B|S	NA	0
B|T	NA	-1
B|W	NA	-4
B|Y	NA	-3
B|V	NA	-3
B|B	NA	4
B|Z	NA	1
B|X	NA	-1
B|*	NA	-4
Z|A	NA	-1
Z|R	NA	0
Z|N	NA	0
Z|D	NA	1
Z|C	NA	-3
Z|Q	NA	3
Z|E	NA	4
Z|G	NA	-2
Z|H	NA	0
Z|I	NA	-3
Z|L	NA	-3
Z|K	NA	1
Z|M	NA	-1
Z|F	NA	-3
Z|P	NA	-1
Z|S	NA	0
Z|T	NA	-1
Z|W	NA	-3
Z|Y	NA	-2
Z|V	NA	-2
Z|B	NA	1
Z|Z	NA	4
Z|X	NA	-1
Z|*	NA	-4
X|A	NA	0
X|R	NA	-1
X|N	NA	-1
X|D	NA	-1
X|C	NA	-2
X|Q	NA	-1
X|E	NA	-1
X|G	NA	-1
X|H	NA	-1
X|I	NA	-1
X|L	NA	-1
X|K	NA	-1
X|M	NA	-1
X|F	NA	-1
X|P	NA	-2
X|S	NA	0
X|T	NA	0
X|W	NA	-2
X|Y	NA	-1
X|V	NA	-1
X|B	NA	-1
X|Z	NA	-1
X|X	NA	-1
X|*	NA	-4
X.|A	NA	-4
X.|R	NA	-4
X.|N	NA	-4
X.|D	NA	-4
X.|C	NA	-4
X.|Q	NA	-4
X.|E	NA	-4
X.|G	NA	-4
X.|H	NA	-4
X.|I	NA	-4
X.|L	NA	-4
X.|K	NA	-4
X.|M	NA	-4
X.|F	NA	-4
X.|P	NA	-4
X.|S	NA	-4
X.|T	NA	-4
X.|W	NA	-4
X.|Y	NA	-4
X.|V	NA	-4
X.|B	NA	-4
X.|Z	NA	-4
X.|X	NA	-4
X.|*	NA	1
